number,user_id,lot_id,quantity
5,1, 5, 1000
6,1, 6, 1000
7,1, 7, 1000
12,2, 5, 1000
13,2, 6, 1000
14,2, 7, 1000
15,3, 1, 1000
16,3, 2, 1000
17,3, 3, 1000
18,3, 4, 1000
19,3, 5, 1000
20,3, 6, 1000
21,3, 7, 1000
163,2, 4, 1046.9872947795911
164,1, 4, 953.0127052204086
233,2, 3, 1007.5447497685936
238,1, 3, 990.8616953702274
241,2, 3, 1008.0991518755923
249,2, 1, 853.747464623525
250,2, 2, 1091.278358096464
251,2, 1, 866.2180984492057
252,1, 1, 1365.0126242918157
253,1, 2, 908.7216419035365
