number,user_id,lot_id,quantity
216,1, 1, 779.6876384981163
217,2, 1, 1220.3123615018835
239,1, 2, 950.5412341772133
240,1, 3, 1056.8067682584278
241,2, 3, 943.1932317415725
242,2, 2, 1049.4587658227865
